,Karakter Puskesmas,TAHUN,TOTAL ALOKASI BELANJA (RP),RATA-RATA ALOKASI BELANJA (RP),TOTAL REALISASI BELANJA (RP),RATA-RATA REALISASI BELANJA (RP),RASIO REALISASI (%)
0,Perdesaan,2022,3375719248574,253641272.17368388,2532717765785,189956243.60476568,74.89190476190477
1,Perdesaan,2023,1004036951385,253143272.0717559,751666472966,191059234.88479498,75.0956
2,Perkotaan,2022,784832276551,258709399.36094388,591128654355,194626489.94805172,75.21842105263158
3,Perkotaan,2023,271986459973,240364823.8078153,204604495893,180481870.5900715,74.87174999999999
4,Sangat Terpencil,2022,89893384649,243084615.21480346,67575895446,182744612.77739558,75.18
5,Sangat Terpencil,2023,380740231250,248842200.94345438,288324200561,191029743.80555797,76.39833333333333
6,Terpencil,2022,739057381420,253160994.9421182,555079510939,190089754.99385875,75.09695652173913
7,Terpencil,2023,1122766943471,247801194.07177055,839422692872,190232559.54261684,76.62648148148148
